event_id,event_name,event_period,channel,product_sku,product_name,brand,category,vendor,contract_type,cost_krw,supply_price_krw,list_price_krw,sale_price_krw,discount_rate,units_sold,revenue_krw,ad_spend_krw,orders,repeat_orders,refund_units,stock_on_hand,customer_segment,md_note
EVT-2026-0415,Spring Gut Care Deal,2026-04-15~2026-04-21,Coupang,NUT-PRO-001,Daily Probiotics 100B,BioFit,probiotics,Vendor A,exclusive,8200,10800,24900,17900,0.28,386,6909400,780000,342,91,8,1240,new_customers,"High conversion after price drop; protect cost and vendor terms."
EVT-2026-0415,Spring Gut Care Deal,2026-04-15~2026-04-21,Naver,NUT-PRO-001,Daily Probiotic 100 Billion,BioFit,probiotics,Vendor A,exclusive,8200,10800,24900,18400,0.26,214,3937600,420000,196,63,3,1240,returning_customers,"Same item as NUT-PRO-001; product name differs by channel."
EVT-2026-0415,Spring Gut Care Deal,2026-04-15~2026-04-21,BrandMall,NUT-PRO-001,BioFit Daily Probiotics,BioFit,probiotics,Vendor A,exclusive,8200,10800,24900,18900,0.24,152,2872800,180000,138,58,2,1240,loyal_customers,"Bundle landing page performed well."
EVT-2026-0415,Spring Gut Care Deal,2026-04-15~2026-04-21,Coupang,NUT-OMG-002,Omega-3 1200 rTG,OceanLab,omega3,Vendor B,standard,9600,12800,29900,21900,0.27,298,6526200,640000,271,77,5,860,new_customers,"Margin stable; compare against Naver price."
EVT-2026-0415,Spring Gut Care Deal,2026-04-15~2026-04-21,Naver,NUT-OMG-002,OceanLab rTG Omega 3 1200,OceanLab,omega3,Vendor B,standard,9600,12800,29900,22900,0.23,181,4144900,360000,166,51,4,860,returning_customers,"Same SKU naming differs."
EVT-2026-0415,Spring Gut Care Deal,2026-04-15~2026-04-21,BrandMall,NUT-OMG-002,Omega 3 rTG 1200,OceanLab,omega3,Vendor B,standard,9600,12800,29900,23900,0.20,94,2246600,110000,87,34,1,860,loyal_customers,"Lower volume but higher net margin."
EVT-2026-0415,Spring Gut Care Deal,2026-04-15~2026-04-21,Coupang,NUT-VIT-003,Vitamin D 4000 IU,SunWell,vitamin,Vendor C,standard,3100,4800,12900,8900,0.31,512,4556800,510000,471,109,7,2020,new_customers,"Traffic driver item; watch refund rate."
EVT-2026-0415,Spring Gut Care Deal,2026-04-15~2026-04-21,Naver,NUT-VIT-003,SunWell Vitamin D 4000IU,SunWell,vitamin,Vendor C,standard,3100,4800,12900,9400,0.27,233,2190200,190000,218,72,2,2020,returning_customers,"Name variant should be grouped with NUT-VIT-003."
EVT-2026-0415,Spring Gut Care Deal,2026-04-15~2026-04-21,BrandMall,NUT-MAG-004,Magnesium Triple Complex,MineralUp,magnesium,Vendor D,standard,5400,7600,18900,13900,0.26,167,2321300,120000,151,49,3,730,loyal_customers,"Consider bundle with Vitamin D."
EVT-2026-0415,Spring Gut Care Deal,2026-04-15~2026-04-21,Coupang,NUT-MAG-004,MineralUp Triple Magnesium,MineralUp,magnesium,Vendor D,standard,5400,7600,18900,12900,0.32,246,3173400,330000,225,54,6,730,new_customers,"Aggressive discount improved units but compressed margin."
EVT-2026-0415,Spring Gut Care Deal,2026-04-15~2026-04-21,Naver,NUT-COL-005,Low Molecular Collagen C,GlowLab,collagen,Vendor E,exclusive,7200,9900,23900,16900,0.29,189,3194100,310000,173,46,4,410,new_customers,"Exclusive vendor term; protect supply price."
EVT-2026-0415,Spring Gut Care Deal,2026-04-15~2026-04-21,BrandMall,NUT-COL-005,GlowLab Collagen C,GlowLab,collagen,Vendor E,exclusive,7200,9900,23900,17900,0.25,118,2112200,90000,109,42,1,410,loyal_customers,"Strong repeat ratio despite lower exposure."
